patient_id,region,status,modality,dims,filepath,representative
BRP1,brain,pathological,FLAIR,3D,data\brain\pathological\Pathological brain MRI Datasets\BRP1\007_flair.nii,True
BRP1,brain,pathological,T1,3D,data\brain\pathological\Pathological brain MRI Datasets\BRP1\007_t1.nii,True
BRP1,brain,pathological,T1CE,3D,data\brain\pathological\Pathological brain MRI Datasets\BRP1\007_t1ce.nii,True
BRP1,brain,pathological,T2,3D,data\brain\pathological\Pathological brain MRI Datasets\BRP1\t2.nii,True
BRP10,brain,pathological,FLAIR,3D,data\brain\pathological\Pathological brain MRI Datasets\BRP10\048_flair.nii,True
BRP10,brain,pathological,T1,3D,data\brain\pathological\Pathological brain MRI Datasets\BRP10\048_t1.nii,True
BRP10,brain,pathological,T1CE,3D,data\brain\pathological\Pathological brain MRI Datasets\BRP10\048_t1ce.nii,True
BRP10,brain,pathological,T2,3D,data\brain\pathological\Pathological brain MRI Datasets\BRP10\048_t2.nii,True
BRP2,brain,pathological,FLAIR,3D,data\brain\pathological\Pathological brain MRI Datasets\BRP2\009_flair.nii,True
BRP2,brain,pathological,T2,3D,data\brain\pathological\Pathological brain MRI Datasets\BRP2\09_t2.nii,True
BRP2,brain,pathological,T1,3D,data\brain\pathological\Pathological brain MRI Datasets\BRP2\t1.nii,True
BRP2,brain,pathological,T1CE,3D,data\brain\pathological\Pathological brain MRI Datasets\BRP2\t1ce.nii,True
BRP3,brain,pathological,FLAIR,3D,data\brain\pathological\Pathological brain MRI Datasets\BRP3\024_flair.nii,True
BRP3,brain,pathological,T1,3D,data\brain\pathological\Pathological brain MRI Datasets\BRP3\024_t1.nii,True
BRP3,brain,pathological,T1CE,3D,data\brain\pathological\Pathological brain MRI Datasets\BRP3\024_t1ce.nii,True
BRP3,brain,pathological,T2,3D,data\brain\pathological\Pathological brain MRI Datasets\BRP3\024__t2.nii,True
BRP4,brain,pathological,FLAIR,3D,data\brain\pathological\Pathological brain MRI Datasets\BRP4\022_flair.nii,True
BRP4,brain,pathological,T1,3D,data\brain\pathological\Pathological brain MRI Datasets\BRP4\022_t1.nii,True
BRP4,brain,pathological,T1CE,3D,data\brain\pathological\Pathological brain MRI Datasets\BRP4\022_t1ce.nii,True
BRP4,brain,pathological,T2,3D,data\brain\pathological\Pathological brain MRI Datasets\BRP4\022_t2.nii,True
BRP5,brain,pathological,FLAIR,3D,data\brain\pathological\Pathological brain MRI Datasets\BRP5\023_flair.nii,True
BRP5,brain,pathological,T1,3D,data\brain\pathological\Pathological brain MRI Datasets\BRP5\023_t1.nii,True
BRP5,brain,pathological,T1CE,3D,data\brain\pathological\Pathological brain MRI Datasets\BRP5\023_t1ce.nii,True
BRP5,brain,pathological,T2,3D,data\brain\pathological\Pathological brain MRI Datasets\BRP5\023_t2.nii,True
BRP6,brain,pathological,FLAIR,3D,data\brain\pathological\Pathological brain MRI Datasets\BRP6\035_flair.nii,True
BRP6,brain,pathological,T1,3D,data\brain\pathological\Pathological brain MRI Datasets\BRP6\035_t1.nii,True
BRP6,brain,pathological,T1CE,3D,data\brain\pathological\Pathological brain MRI Datasets\BRP6\035_t1ce.nii,True
BRP6,brain,pathological,T2,3D,data\brain\pathological\Pathological brain MRI Datasets\BRP6\035_t2.nii,True
BRP7,brain,pathological,FLAIR,3D,data\brain\pathological\Pathological brain MRI Datasets\BRP7\034_flair.nii,True
BRP7,brain,pathological,T1,3D,data\brain\pathological\Pathological brain MRI Datasets\BRP7\034_t1.nii,True
BRP7,brain,pathological,T1CE,3D,data\brain\pathological\Pathological brain MRI Datasets\BRP7\034_t1ce.nii,True
BRP7,brain,pathological,T2,3D,data\brain\pathological\Pathological brain MRI Datasets\BRP7\034_t2.nii,True
BRP8,brain,pathological,FLAIR,3D,data\brain\pathological\Pathological brain MRI Datasets\BRP8\053_flair.nii,True
BRP8,brain,pathological,T1,3D,data\brain\pathological\Pathological brain MRI Datasets\BRP8\053_t1.nii,True
BRP8,brain,pathological,T1CE,3D,data\brain\pathological\Pathological brain MRI Datasets\BRP8\053_t1ce.nii,True
BRP8,brain,pathological,T2,3D,data\brain\pathological\Pathological brain MRI Datasets\BRP8\053_t2.nii,True
BRP9,brain,pathological,FLAIR,3D,data\brain\pathological\Pathological brain MRI Datasets\BRP9\045_flair.nii,True
BRP9,brain,pathological,T1,3D,data\brain\pathological\Pathological brain MRI Datasets\BRP9\045_t1.nii,True
BRP9,brain,pathological,T1CE,3D,data\brain\pathological\Pathological brain MRI Datasets\BRP9\045_t1ce.nii,True
BRP9,brain,pathological,T2,3D,data\brain\pathological\Pathological brain MRI Datasets\BRP9\045_t2.nii,True
SP11,spine,pathological,T1,2D,data\spine\pathological\Pathological Spine MRI Datasets\SP11\S82028_eT1W_TSE_CLEAR_20260304103521_802_i00001.nii.gz,True
SP11,spine,pathological,T1,2D,data\spine\pathological\Pathological Spine MRI Datasets\SP11\S82028_eT1W_TSE_CLEAR_20260304103521_802_i00004.nii.gz,False
SP11,spine,pathological,T1,2D,data\spine\pathological\Pathological Spine MRI Datasets\SP11\S82028_eT1W_TSE_CLEAR_20260304103521_802_i00009.nii.gz,False
SP11,spine,pathological,T1,2D,data\spine\pathological\Pathological Spine MRI Datasets\SP11\S82028_eT1W_TSE_CLEAR_20260304103521_802_i00013.nii.gz,False
SP11,spine,pathological,T1,2D,data\spine\pathological\Pathological Spine MRI Datasets\SP11\S82028_eT1W_TSE_CLEAR_20260304103521_802_i00016.nii.gz,False
SP11,spine,pathological,T1,2D,data\spine\pathological\Pathological Spine MRI Datasets\SP11\S82028_eT1W_TSE_CLEAR_20260304103521_802_i00019.nii.gz,False
SP11,spine,pathological,T2,2D,data\spine\pathological\Pathological Spine MRI Datasets\SP11\S82028_eT2W_TSE_20260304103521_303.nii.gz,False
SP11,spine,pathological,T2,2D,data\spine\pathological\Pathological Spine MRI Datasets\SP11\S82028_eT2W_TSE_20260304103521_304.nii.gz,False
SP11,spine,pathological,T2,2D,data\spine\pathological\Pathological Spine MRI Datasets\SP11\S82028_eT2W_TSE_DRIVE_HR_20260304103521_702_i00001.nii.gz,False
SP11,spine,pathological,T2,2D,data\spine\pathological\Pathological Spine MRI Datasets\SP11\S82028_eT2W_TSE_DRIVE_HR_20260304103521_702_i00004.nii.gz,False
SP11,spine,pathological,T2,2D,data\spine\pathological\Pathological Spine MRI Datasets\SP11\S82028_eT2W_TSE_DRIVE_HR_20260304103521_702_i00009.nii.gz,False
SP11,spine,pathological,T2,2D,data\spine\pathological\Pathological Spine MRI Datasets\SP11\S82028_eT2W_TSE_DRIVE_HR_20260304103521_702_i00013.nii.gz,False
SP11,spine,pathological,T2,2D,data\spine\pathological\Pathological Spine MRI Datasets\SP11\S82028_eT2W_TSE_DRIVE_HR_20260304103521_702_i00016.nii.gz,False
SP11,spine,pathological,T2,2D,data\spine\pathological\Pathological Spine MRI Datasets\SP11\S82028_eT2W_TSE_DRIVE_HR_20260304103521_702_i00019.nii.gz,False
SP11,spine,pathological,T2,2D,data\spine\pathological\Pathological Spine MRI Datasets\SP11\S82028_SC_MobiView_eT2W_TSE_20260304103521_305.nii.gz,True
SP11,spine,pathological,STIR,2D,data\spine\pathological\Pathological Spine MRI Datasets\SP11\S82028_STIR_TSE_20260304103521_601.nii.gz,True
SP11,spine,pathological,T1,2D,data\spine\pathological\Pathological Spine MRI Datasets\SP11\S82028_T1W_TSE_sag_20260304103521_501.nii.gz,False
SP12,spine,pathological,T1,2D,data\spine\pathological\Pathological Spine MRI Datasets\SP12\S82031_eT1W_TSE_CLEAR_20260305090906_802_i00001.nii.gz,True
SP12,spine,pathological,T1,2D,data\spine\pathological\Pathological Spine MRI Datasets\SP12\S82031_eT1W_TSE_CLEAR_20260305090906_802_i00001a.nii.gz,False
SP12,spine,pathological,T1,2D,data\spine\pathological\Pathological Spine MRI Datasets\SP12\S82031_eT1W_TSE_CLEAR_20260305090906_802_i00005.nii.gz,False
SP12,spine,pathological,T1,2D,data\spine\pathological\Pathological Spine MRI Datasets\SP12\S82031_eT1W_TSE_CLEAR_20260305090906_802_i00005a.nii.gz,False
SP12,spine,pathological,T1,2D,data\spine\pathological\Pathological Spine MRI Datasets\SP12\S82031_eT1W_TSE_CLEAR_20260305090906_802_i00010.nii.gz,False
SP12,spine,pathological,T1,2D,data\spine\pathological\Pathological Spine MRI Datasets\SP12\S82031_eT1W_TSE_CLEAR_20260305090906_802_i00010a.nii.gz,False
SP12,spine,pathological,T1,2D,data\spine\pathological\Pathological Spine MRI Datasets\SP12\S82031_eT1W_TSE_CLEAR_20260305090906_802_i00013.nii.gz,False
SP12,spine,pathological,T1,2D,data\spine\pathological\Pathological Spine MRI Datasets\SP12\S82031_eT1W_TSE_CLEAR_20260305090906_802_i00013a.nii.gz,False
SP12,spine,pathological,T1,2D,data\spine\pathological\Pathological Spine MRI Datasets\SP12\S82031_eT1W_TSE_CLEAR_20260305090906_802_i00016.nii.gz,False
SP12,spine,pathological,T1,2D,data\spine\pathological\Pathological Spine MRI Datasets\SP12\S82031_eT1W_TSE_CLEAR_20260305090906_802_i00016a.nii.gz,False
SP12,spine,pathological,T1,2D,data\spine\pathological\Pathological Spine MRI Datasets\SP12\S82031_eT1W_TSE_CLEAR_20260305090906_802_i00019.nii.gz,False
SP12,spine,pathological,T1,2D,data\spine\pathological\Pathological Spine MRI Datasets\SP12\S82031_eT1W_TSE_CLEAR_20260305090906_802_i00019a.nii.gz,False
SP12,spine,pathological,T2,2D,data\spine\pathological\Pathological Spine MRI Datasets\SP12\S82031_eT2W_TSE_20260305090906_303.nii.gz,False
SP12,spine,pathological,T2,2D,data\spine\pathological\Pathological Spine MRI Datasets\SP12\S82031_eT2W_TSE_20260305090906_303a.nii.gz,False
SP12,spine,pathological,T2,2D,data\spine\pathological\Pathological Spine MRI Datasets\SP12\S82031_eT2W_TSE_20260305090906_304.nii.gz,False
SP12,spine,pathological,T2,2D,data\spine\pathological\Pathological Spine MRI Datasets\SP12\S82031_eT2W_TSE_20260305090906_304a.nii.gz,False
SP12,spine,pathological,T2,2D,data\spine\pathological\Pathological Spine MRI Datasets\SP12\S82031_eT2W_TSE_DRIVE_HR_20260305090906_702_i00001.nii.gz,False
SP12,spine,pathological,T2,2D,data\spine\pathological\Pathological Spine MRI Datasets\SP12\S82031_eT2W_TSE_DRIVE_HR_20260305090906_702_i00001a.nii.gz,False
SP12,spine,pathological,T2,2D,data\spine\pathological\Pathological Spine MRI Datasets\SP12\S82031_eT2W_TSE_DRIVE_HR_20260305090906_702_i00005.nii.gz,False
SP12,spine,pathological,T2,2D,data\spine\pathological\Pathological Spine MRI Datasets\SP12\S82031_eT2W_TSE_DRIVE_HR_20260305090906_702_i00005a.nii.gz,False
SP12,spine,pathological,T2,2D,data\spine\pathological\Pathological Spine MRI Datasets\SP12\S82031_eT2W_TSE_DRIVE_HR_20260305090906_702_i00010.nii.gz,False
SP12,spine,pathological,T2,2D,data\spine\pathological\Pathological Spine MRI Datasets\SP12\S82031_eT2W_TSE_DRIVE_HR_20260305090906_702_i00010a.nii.gz,False
SP12,spine,pathological,T2,2D,data\spine\pathological\Pathological Spine MRI Datasets\SP12\S82031_eT2W_TSE_DRIVE_HR_20260305090906_702_i00013.nii.gz,False
SP12,spine,pathological,T2,2D,data\spine\pathological\Pathological Spine MRI Datasets\SP12\S82031_eT2W_TSE_DRIVE_HR_20260305090906_702_i00013a.nii.gz,False
SP12,spine,pathological,T2,2D,data\spine\pathological\Pathological Spine MRI Datasets\SP12\S82031_eT2W_TSE_DRIVE_HR_20260305090906_702_i00016.nii.gz,False
SP12,spine,pathological,T2,2D,data\spine\pathological\Pathological Spine MRI Datasets\SP12\S82031_eT2W_TSE_DRIVE_HR_20260305090906_702_i00016a.nii.gz,False
SP12,spine,pathological,T2,2D,data\spine\pathological\Pathological Spine MRI Datasets\SP12\S82031_eT2W_TSE_DRIVE_HR_20260305090906_702_i00019.nii.gz,False
SP12,spine,pathological,T2,2D,data\spine\pathological\Pathological Spine MRI Datasets\SP12\S82031_eT2W_TSE_DRIVE_HR_20260305090906_702_i00019a.nii.gz,False
SP12,spine,pathological,T2,2D,data\spine\pathological\Pathological Spine MRI Datasets\SP12\S82031_SC_MobiView_eT2W_TSE_20260305090906_305.nii.gz,True
SP12,spine,pathological,T2,2D,data\spine\pathological\Pathological Spine MRI Datasets\SP12\S82031_SC_MobiView_eT2W_TSE_20260305090906_305a.nii.gz,False
SP12,spine,pathological,STIR,2D,data\spine\pathological\Pathological Spine MRI Datasets\SP12\S82031_STIR_TSE_20260305090906_601.nii.gz,True
SP12,spine,pathological,STIR,2D,data\spine\pathological\Pathological Spine MRI Datasets\SP12\S82031_STIR_TSE_20260305090906_601a.nii.gz,False
SP12,spine,pathological,T1,2D,data\spine\pathological\Pathological Spine MRI Datasets\SP12\S82031_T1W_TSE_sag_20260305090906_501.nii.gz,False
SP12,spine,pathological,T1,2D,data\spine\pathological\Pathological Spine MRI Datasets\SP12\S82031_T1W_TSE_sag_20260305090906_501a.nii.gz,False
SP15,spine,pathological,STIR,2D,data\spine\pathological\Pathological Spine MRI Datasets\SP15\S82041_eSTIR_TSE_20260306093302_503.nii.gz,False
SP15,spine,pathological,STIR,2D,data\spine\pathological\Pathological Spine MRI Datasets\SP15\S82041_eSTIR_TSE_20260306093302_504.nii.gz,False
SP15,spine,pathological,T1,2D,data\spine\pathological\Pathological Spine MRI Datasets\SP15\S82041_eT1W_TSE_20260306093302_403.nii.gz,False
SP15,spine,pathological,T1,2D,data\spine\pathological\Pathological Spine MRI Datasets\SP15\S82041_eT1W_TSE_20260306093302_404.nii.gz,False
SP15,spine,pathological,T2,2D,data\spine\pathological\Pathological Spine MRI Datasets\SP15\S82041_eT2W_TSE_20260306093302_303.nii.gz,False
SP15,spine,pathological,T2,2D,data\spine\pathological\Pathological Spine MRI Datasets\SP15\S82041_eT2W_TSE_20260306093302_304.nii.gz,False
SP15,spine,pathological,T2,2D,data\spine\pathological\Pathological Spine MRI Datasets\SP15\S82041_eT2W_TSE_DRIVE_HR_20260306093302_602_i00001.nii.gz,False
SP15,spine,pathological,T2,2D,data\spine\pathological\Pathological Spine MRI Datasets\SP15\S82041_eT2W_TSE_DRIVE_HR_20260306093302_602_i00011.nii.gz,False
SP15,spine,pathological,T1,2D,data\spine\pathological\Pathological Spine MRI Datasets\SP15\S82041_MobiView_eT1W_TSE_20260306093302_405.nii.gz,True
SP15,spine,pathological,STIR,2D,data\spine\pathological\Pathological Spine MRI Datasets\SP15\S82041_SC_MobiView_eSTIR_TSE_20260306093302_505.nii.gz,True
SP15,spine,pathological,T2,2D,data\spine\pathological\Pathological Spine MRI Datasets\SP15\S82041_SC_MobiView_eT2W_TSE_20260306093302_305.nii.gz,True
SP17,spine,pathological,T1,2D,data\spine\pathological\Pathological Spine MRI Datasets\SP17\S82170_eT1W_TSE_20260221100326_403.nii.gz,False
SP17,spine,pathological,T1,2D,data\spine\pathological\Pathological Spine MRI Datasets\SP17\S82170_eT1W_TSE_20260221100326_404.nii.gz,False
SP17,spine,pathological,T2,2D,data\spine\pathological\Pathological Spine MRI Datasets\SP17\S82170_eT2W_TSE_20260221100326_303.nii.gz,False
SP17,spine,pathological,T2,2D,data\spine\pathological\Pathological Spine MRI Datasets\SP17\S82170_eT2W_TSE_20260221100326_304.nii.gz,False
SP17,spine,pathological,T2,2D,data\spine\pathological\Pathological Spine MRI Datasets\SP17\S82170_eT2W_TSE_DRIVE_HR_20260221100326_602_i00001.nii.gz,False
SP17,spine,pathological,T2,2D,data\spine\pathological\Pathological Spine MRI Datasets\SP17\S82170_eT2W_TSE_DRIVE_HR_20260221100326_602_i00006.nii.gz,False
SP17,spine,pathological,T2,2D,data\spine\pathological\Pathological Spine MRI Datasets\SP17\S82170_eT2W_TSE_DRIVE_HR_20260221100326_602_i00011.nii.gz,False
SP17,spine,pathological,T2,2D,data\spine\pathological\Pathological Spine MRI Datasets\SP17\S82170_eT2W_TSE_DRIVE_HR_20260221100326_602_i00014.nii.gz,False
SP17,spine,pathological,T2,2D,data\spine\pathological\Pathological Spine MRI Datasets\SP17\S82170_eT2W_TSE_DRIVE_HR_20260221100326_602_i00017.nii.gz,False
SP17,spine,pathological,T1,2D,data\spine\pathological\Pathological Spine MRI Datasets\SP17\S82170_MobiView_eT1W_TSE_20260221100326_405.nii.gz,True
SP17,spine,pathological,T2,2D,data\spine\pathological\Pathological Spine MRI Datasets\SP17\S82170_SC_MobiView_eT2W_TSE_20260221100326_305.nii.gz,True
SP17,spine,pathological,T1,2D,data\spine\pathological\Pathological Spine MRI Datasets\SP17\S82170_T1W_TSE_GADO_POST_20260221100326_901_i00001.nii.gz,False
SP17,spine,pathological,T1,2D,data\spine\pathological\Pathological Spine MRI Datasets\SP17\S82170_T1W_TSE_GADO_POST_20260221100326_901_i00021.nii.gz,False
SP17,spine,pathological,T1,2D,data\spine\pathological\Pathological Spine MRI Datasets\SP17\S82170_T1W_TSE_GADO_PRE_20260221100326_701_i00001.nii.gz,False
SP17,spine,pathological,T1,2D,data\spine\pathological\Pathological Spine MRI Datasets\SP17\S82170_T1W_TSE_GADO_PRE_20260221100326_701_i00021.nii.gz,False
SP17,spine,pathological,T1,2D,data\spine\pathological\Pathological Spine MRI Datasets\SP17\S82170_T1W_TSE_POST_20260221100326_1001.nii.gz,False
SP17,spine,pathological,T1,2D,data\spine\pathological\Pathological Spine MRI Datasets\SP17\S82170_T1W_TSE_POST_20260221100326_801.nii.gz,False
SP18,spine,pathological,STIR,2D,data\spine\pathological\Pathological Spine MRI Datasets\SP18\S82212_eSTIR_TSE_20260225155723_602.nii.gz,True
SP18,spine,pathological,T1,2D,data\spine\pathological\Pathological Spine MRI Datasets\SP18\S82212_eT1W_TSE_CLEAR_20260225155723_802_i00001.nii.gz,True
SP18,spine,pathological,T1,2D,data\spine\pathological\Pathological Spine MRI Datasets\SP18\S82212_eT1W_TSE_CLEAR_20260225155723_802_i00008.nii.gz,False
SP18,spine,pathological,T1,2D,data\spine\pathological\Pathological Spine MRI Datasets\SP18\S82212_eT1W_TSE_CLEAR_20260225155723_802_i00012.nii.gz,False
SP18,spine,pathological,T1,2D,data\spine\pathological\Pathological Spine MRI Datasets\SP18\S82212_eT1W_TSE_CLEAR_20260225155723_802_i00016.nii.gz,False
SP18,spine,pathological,T1,2D,data\spine\pathological\Pathological Spine MRI Datasets\SP18\S82212_eT1W_TSE_CLEAR_20260225155723_802_i00020.nii.gz,False
SP18,spine,pathological,T1,2D,data\spine\pathological\Pathological Spine MRI Datasets\SP18\S82212_eT1W_TSE_CLEAR_20260225155723_802_i00023.nii.gz,False
SP18,spine,pathological,T1,2D,data\spine\pathological\Pathological Spine MRI Datasets\SP18\S82212_eT1W_TSE_CLEAR_20260225155723_902_i00001.nii.gz,False
SP18,spine,pathological,T1,2D,data\spine\pathological\Pathological Spine MRI Datasets\SP18\S82212_eT1W_TSE_CLEAR_20260225155723_902_i00008.nii.gz,False
SP18,spine,pathological,T1,2D,data\spine\pathological\Pathological Spine MRI Datasets\SP18\S82212_eT1W_TSE_CLEAR_20260225155723_902_i00012.nii.gz,False
SP18,spine,pathological,T1,2D,data\spine\pathological\Pathological Spine MRI Datasets\SP18\S82212_eT1W_TSE_CLEAR_20260225155723_902_i00016.nii.gz,False
SP18,spine,pathological,T1,2D,data\spine\pathological\Pathological Spine MRI Datasets\SP18\S82212_eT1W_TSE_CLEAR_20260225155723_902_i00020.nii.gz,False
SP18,spine,pathological,T1,2D,data\spine\pathological\Pathological Spine MRI Datasets\SP18\S82212_eT1W_TSE_CLEAR_20260225155723_902_i00023.nii.gz,False
SP18,spine,pathological,T2,2D,data\spine\pathological\Pathological Spine MRI Datasets\SP18\S82212_eT2W_TSE_CLEAR_20260225155723_402.nii.gz,True
SP18,spine,pathological,T2,2D,data\spine\pathological\Pathological Spine MRI Datasets\SP18\S82212_eT2W_TSE_DRIVE_HR_20260225155723_702_i00001.nii.gz,False
SP18,spine,pathological,T2,2D,data\spine\pathological\Pathological Spine MRI Datasets\SP18\S82212_eT2W_TSE_DRIVE_HR_20260225155723_702_i00008.nii.gz,False
SP18,spine,pathological,T2,2D,data\spine\pathological\Pathological Spine MRI Datasets\SP18\S82212_eT2W_TSE_DRIVE_HR_20260225155723_702_i00012.nii.gz,False
SP18,spine,pathological,T2,2D,data\spine\pathological\Pathological Spine MRI Datasets\SP18\S82212_eT2W_TSE_DRIVE_HR_20260225155723_702_i00016.nii.gz,False
SP18,spine,pathological,T2,2D,data\spine\pathological\Pathological Spine MRI Datasets\SP18\S82212_eT2W_TSE_DRIVE_HR_20260225155723_702_i00020.nii.gz,False
SP18,spine,pathological,T2,2D,data\spine\pathological\Pathological Spine MRI Datasets\SP18\S82212_eT2W_TSE_DRIVE_HR_20260225155723_702_i00023.nii.gz,False
SP18,spine,pathological,T1,2D,data\spine\pathological\Pathological Spine MRI Datasets\SP18\S82212_T1W_TSE_sag_20260225155723_501.nii.gz,False
SP19,spine,pathological,T1,2D,data\spine\pathological\Pathological Spine MRI Datasets\SP19\S82213_eT1W_TSE_CLEAR_20260225151424_702_i00001.nii.gz,True
SP19,spine,pathological,T1,2D,data\spine\pathological\Pathological Spine MRI Datasets\SP19\S82213_eT1W_TSE_CLEAR_20260225151424_702_i00006.nii.gz,False
SP19,spine,pathological,T1,2D,data\spine\pathological\Pathological Spine MRI Datasets\SP19\S82213_eT1W_TSE_CLEAR_20260225151424_702_i00010.nii.gz,False
SP19,spine,pathological,T1,2D,data\spine\pathological\Pathological Spine MRI Datasets\SP19\S82213_eT1W_TSE_CLEAR_20260225151424_702_i00014.nii.gz,False
SP19,spine,pathological,T1,2D,data\spine\pathological\Pathological Spine MRI Datasets\SP19\S82213_eT1W_TSE_CLEAR_20260225151424_702_i00026.nii.gz,False
SP19,spine,pathological,T2,2D,data\spine\pathological\Pathological Spine MRI Datasets\SP19\S82213_eT2W_TSE_CLEAR_20260225151424_402.nii.gz,True
SP19,spine,pathological,T2,2D,data\spine\pathological\Pathological Spine MRI Datasets\SP19\S82213_eT2W_TSE_DRIVE_HR_20260225151424_602_i00001.nii.gz,False
SP19,spine,pathological,T2,2D,data\spine\pathological\Pathological Spine MRI Datasets\SP19\S82213_eT2W_TSE_DRIVE_HR_20260225151424_602_i00006.nii.gz,False
SP19,spine,pathological,T2,2D,data\spine\pathological\Pathological Spine MRI Datasets\SP19\S82213_eT2W_TSE_DRIVE_HR_20260225151424_602_i00010.nii.gz,False
SP19,spine,pathological,T2,2D,data\spine\pathological\Pathological Spine MRI Datasets\SP19\S82213_eT2W_TSE_DRIVE_HR_20260225151424_602_i00014.nii.gz,False
SP19,spine,pathological,T2,2D,data\spine\pathological\Pathological Spine MRI Datasets\SP19\S82213_eT2W_TSE_DRIVE_HR_20260225151424_602_i00026.nii.gz,False
SP19,spine,pathological,Unknown,2D,data\spine\pathological\Pathological Spine MRI Datasets\SP19\S82213_MobiView_SURVEY_SAG_20260225151424_202.nii.gz,True
SP19,spine,pathological,T1,2D,data\spine\pathological\Pathological Spine MRI Datasets\SP19\S82213_T1W_TSE_sag_20260225151424_501.nii.gz,False
SP20,spine,pathological,T1,2D,data\spine\pathological\Pathological Spine MRI Datasets\SP20\S82220_eT1W_TSE_CLEAR_20260226161551_702_cMULTI_COIL_i00020.nii.gz,True
SP20,spine,pathological,T1,2D,data\spine\pathological\Pathological Spine MRI Datasets\SP20\S82220_eT1W_TSE_CLEAR_20260226161551_702_cMULTI_COIL_i00024.nii.gz,False
SP20,spine,pathological,T1,2D,data\spine\pathological\Pathological Spine MRI Datasets\SP20\S82220_eT1W_TSE_CLEAR_20260226161551_702_cMULTI_COIL_i00028.nii.gz,False
SP20,spine,pathological,T1,2D,data\spine\pathological\Pathological Spine MRI Datasets\SP20\S82220_eT1W_TSE_CLEAR_20260226161551_702_cPOSTERIOR_i00001.nii.gz,False
SP20,spine,pathological,T1,2D,data\spine\pathological\Pathological Spine MRI Datasets\SP20\S82220_eT1W_TSE_CLEAR_20260226161551_702_cPOSTERIOR_i00006.nii.gz,False
SP20,spine,pathological,T1,2D,data\spine\pathological\Pathological Spine MRI Datasets\SP20\S82220_eT1W_TSE_CLEAR_20260226161551_702_cPOSTERIOR_i00011.nii.gz,False
SP20,spine,pathological,T1,2D,data\spine\pathological\Pathological Spine MRI Datasets\SP20\S82220_eT1W_TSE_CLEAR_20260226161551_702_cPOSTERIOR_i00015.nii.gz,False
SP20,spine,pathological,T2,2D,data\spine\pathological\Pathological Spine MRI Datasets\SP20\S82220_eT2W_TSE_20260226161551_303.nii.gz,False
SP20,spine,pathological,T2,2D,data\spine\pathological\Pathological Spine MRI Datasets\SP20\S82220_eT2W_TSE_20260226161551_304.nii.gz,False
SP20,spine,pathological,T2,2D,data\spine\pathological\Pathological Spine MRI Datasets\SP20\S82220_eT2W_TSE_DRIVE_HR_20260226161551_602_cMULTI_COIL_i00020.nii.gz,False
SP20,spine,pathological,T2,2D,data\spine\pathological\Pathological Spine MRI Datasets\SP20\S82220_eT2W_TSE_DRIVE_HR_20260226161551_602_cMULTI_COIL_i00024.nii.gz,False
SP20,spine,pathological,T2,2D,data\spine\pathological\Pathological Spine MRI Datasets\SP20\S82220_eT2W_TSE_DRIVE_HR_20260226161551_602_cMULTI_COIL_i00028.nii.gz,False
SP20,spine,pathological,T2,2D,data\spine\pathological\Pathological Spine MRI Datasets\SP20\S82220_eT2W_TSE_DRIVE_HR_20260226161551_602_cPOSTERIOR_i00001.nii.gz,False
SP20,spine,pathological,T2,2D,data\spine\pathological\Pathological Spine MRI Datasets\SP20\S82220_eT2W_TSE_DRIVE_HR_20260226161551_602_cPOSTERIOR_i00006.nii.gz,False
SP20,spine,pathological,T2,2D,data\spine\pathological\Pathological Spine MRI Datasets\SP20\S82220_eT2W_TSE_DRIVE_HR_20260226161551_602_cPOSTERIOR_i00011.nii.gz,False
SP20,spine,pathological,T2,2D,data\spine\pathological\Pathological Spine MRI Datasets\SP20\S82220_eT2W_TSE_DRIVE_HR_20260226161551_602_cPOSTERIOR_i00015.nii.gz,False
SP20,spine,pathological,T2,2D,data\spine\pathological\Pathological Spine MRI Datasets\SP20\S82220_SC_MobiView_eT2W_TSE_20260226161551_305.nii.gz,True
SP20,spine,pathological,T1,2D,data\spine\pathological\Pathological Spine MRI Datasets\SP20\S82220_T1W_TSE_sag_20260226161551_501.nii.gz,False
SP21,spine,pathological,T1,2D,data\spine\pathological\Pathological Spine MRI Datasets\SP21\S82230_eT1W_TSE_20260228151908_302.nii.gz,False
SP21,spine,pathological,T1,2D,data\spine\pathological\Pathological Spine MRI Datasets\SP21\S82230_eT1W_TSE_20260228151908_402.nii.gz,False
SP21,spine,pathological,Unknown,2D,data\spine\pathological\Pathological Spine MRI Datasets\SP21\S82230_MobiView_SURVEY_SAG_20260228151908_202.nii.gz,True
SP21,spine,pathological,T1,2D,data\spine\pathological\Pathological Spine MRI Datasets\SP21\S82230_T1W_TSE_SPIR_20260228151908_502.nii.gz,True
SP22,spine,pathological,T1,2D,data\spine\pathological\Pathological Spine MRI Datasets\SP22\S82231_eT1W_TSE_CLEAR_20260228094046_702_i00001.nii.gz,True
SP22,spine,pathological,T1,2D,data\spine\pathological\Pathological Spine MRI Datasets\SP22\S82231_eT1W_TSE_CLEAR_20260228094046_702_i00005.nii.gz,False
SP22,spine,pathological,T1,2D,data\spine\pathological\Pathological Spine MRI Datasets\SP22\S82231_eT1W_TSE_CLEAR_20260228094046_702_i00010.nii.gz,False
SP22,spine,pathological,T1,2D,data\spine\pathological\Pathological Spine MRI Datasets\SP22\S82231_eT1W_TSE_CLEAR_20260228094046_702_i00013.nii.gz,False
SP22,spine,pathological,T1,2D,data\spine\pathological\Pathological Spine MRI Datasets\SP22\S82231_eT1W_TSE_CLEAR_20260228094046_702_i00016.nii.gz,False
SP22,spine,pathological,T1,2D,data\spine\pathological\Pathological Spine MRI Datasets\SP22\S82231_eT1W_TSE_CLEAR_20260228094046_702_i00019.nii.gz,False
SP22,spine,pathological,T1,2D,data\spine\pathological\Pathological Spine MRI Datasets\SP22\S82231_eT1W_TSE_CLEAR_20260228094046_902_i00001.nii.gz,False
SP22,spine,pathological,T1,2D,data\spine\pathological\Pathological Spine MRI Datasets\SP22\S82231_eT1W_TSE_CLEAR_20260228094046_902_i00006.nii.gz,False
SP22,spine,pathological,T1,2D,data\spine\pathological\Pathological Spine MRI Datasets\SP22\S82231_eT1W_TSE_CLEAR_20260228094046_902_i00011.nii.gz,False
SP22,spine,pathological,T1,2D,data\spine\pathological\Pathological Spine MRI Datasets\SP22\S82231_eT1W_TSE_CLEAR_20260228094046_902_i00014.nii.gz,False
SP22,spine,pathological,T1,2D,data\spine\pathological\Pathological Spine MRI Datasets\SP22\S82231_eT1W_TSE_CLEAR_20260228094046_902_i00017.nii.gz,False
SP22,spine,pathological,T1,2D,data\spine\pathological\Pathological Spine MRI Datasets\SP22\S82231_eT1W_TSE_CLEAR_20260228094046_902_i00020.nii.gz,False
SP22,spine,pathological,T2,2D,data\spine\pathological\Pathological Spine MRI Datasets\SP22\S82231_eT2W_TSE_CLEAR_20260228094046_402.nii.gz,True
SP22,spine,pathological,T2,2D,data\spine\pathological\Pathological Spine MRI Datasets\SP22\S82231_eT2W_TSE_DRIVE_HR_20260228094046_602_i00001.nii.gz,False
SP22,spine,pathological,T2,2D,data\spine\pathological\Pathological Spine MRI Datasets\SP22\S82231_eT2W_TSE_DRIVE_HR_20260228094046_602_i00005.nii.gz,False
SP22,spine,pathological,T2,2D,data\spine\pathological\Pathological Spine MRI Datasets\SP22\S82231_eT2W_TSE_DRIVE_HR_20260228094046_602_i00010.nii.gz,False
SP22,spine,pathological,T2,2D,data\spine\pathological\Pathological Spine MRI Datasets\SP22\S82231_eT2W_TSE_DRIVE_HR_20260228094046_602_i00013.nii.gz,False
SP22,spine,pathological,T2,2D,data\spine\pathological\Pathological Spine MRI Datasets\SP22\S82231_eT2W_TSE_DRIVE_HR_20260228094046_602_i00016.nii.gz,False
SP22,spine,pathological,T2,2D,data\spine\pathological\Pathological Spine MRI Datasets\SP22\S82231_eT2W_TSE_DRIVE_HR_20260228094046_602_i00019.nii.gz,False
SP22,spine,pathological,T2,2D,data\spine\pathological\Pathological Spine MRI Datasets\SP22\S82231_eT2W_TSE_DRIVE_HR_20260228094046_802_i00001.nii.gz,False
SP22,spine,pathological,T2,2D,data\spine\pathological\Pathological Spine MRI Datasets\SP22\S82231_eT2W_TSE_DRIVE_HR_20260228094046_802_i00005.nii.gz,False
SP22,spine,pathological,T2,2D,data\spine\pathological\Pathological Spine MRI Datasets\SP22\S82231_eT2W_TSE_DRIVE_HR_20260228094046_802_i00010.nii.gz,False
SP22,spine,pathological,T2,2D,data\spine\pathological\Pathological Spine MRI Datasets\SP22\S82231_eT2W_TSE_DRIVE_HR_20260228094046_802_i00013.nii.gz,False
SP22,spine,pathological,T2,2D,data\spine\pathological\Pathological Spine MRI Datasets\SP22\S82231_eT2W_TSE_DRIVE_HR_20260228094046_802_i00016.nii.gz,False
SP22,spine,pathological,T2,2D,data\spine\pathological\Pathological Spine MRI Datasets\SP22\S82231_eT2W_TSE_DRIVE_HR_20260228094046_802_i00019.nii.gz,False
SP22,spine,pathological,Unknown,2D,data\spine\pathological\Pathological Spine MRI Datasets\SP22\S82231_MobiView_SURVEY_SAG_20260228094046_202.nii.gz,True
SP22,spine,pathological,T1,2D,data\spine\pathological\Pathological Spine MRI Datasets\SP22\S82231_T1W_TSE_sag_20260228094046_501.nii.gz,False
SP23,spine,pathological,STIR,2D,data\spine\pathological\Pathological Spine MRI Datasets\SP23\S82232_eSTIR_TSE_20260227162946_503.nii.gz,False
SP23,spine,pathological,STIR,2D,data\spine\pathological\Pathological Spine MRI Datasets\SP23\S82232_eSTIR_TSE_20260227162946_504.nii.gz,False
SP23,spine,pathological,T1,2D,data\spine\pathological\Pathological Spine MRI Datasets\SP23\S82232_eT1W_TSE_20260227162946_403.nii.gz,False
SP23,spine,pathological,T1,2D,data\spine\pathological\Pathological Spine MRI Datasets\SP23\S82232_eT1W_TSE_20260227162946_404.nii.gz,False
SP23,spine,pathological,T1,2D,data\spine\pathological\Pathological Spine MRI Datasets\SP23\S82232_eT1W_TSE_20260227162946_803.nii.gz,False
SP23,spine,pathological,T1,2D,data\spine\pathological\Pathological Spine MRI Datasets\SP23\S82232_eT1W_TSE_20260227162946_804.nii.gz,False
SP23,spine,pathological,T1,2D,data\spine\pathological\Pathological Spine MRI Datasets\SP23\S82232_eT1W_TSE_20260227162946_903.nii.gz,False
SP23,spine,pathological,T1,2D,data\spine\pathological\Pathological Spine MRI Datasets\SP23\S82232_eT1W_TSE_20260227162946_904.nii.gz,False
SP23,spine,pathological,T2,2D,data\spine\pathological\Pathological Spine MRI Datasets\SP23\S82232_eT2W_TSE_20260227162946_303.nii.gz,False
SP23,spine,pathological,T2,2D,data\spine\pathological\Pathological Spine MRI Datasets\SP23\S82232_eT2W_TSE_20260227162946_304.nii.gz,False
SP23,spine,pathological,T1,2D,data\spine\pathological\Pathological Spine MRI Datasets\SP23\S82232_MobiView_eT1W_TSE_20260227162946_405.nii.gz,True
SP23,spine,pathological,T1,2D,data\spine\pathological\Pathological Spine MRI Datasets\SP23\S82232_MobiView_eT1W_TSE_20260227162946_805.nii.gz,False
SP23,spine,pathological,T1,2D,data\spine\pathological\Pathological Spine MRI Datasets\SP23\S82232_MobiView_eT1W_TSE_20260227162946_905.nii.gz,False
SP23,spine,pathological,STIR,2D,data\spine\pathological\Pathological Spine MRI Datasets\SP23\S82232_SC_MobiView_eSTIR_TSE_20260227162946_505.nii.gz,True
SP23,spine,pathological,T2,2D,data\spine\pathological\Pathological Spine MRI Datasets\SP23\S82232_SC_MobiView_eT2W_TSE_20260227162946_305.nii.gz,True
SP23,spine,pathological,T1,2D,data\spine\pathological\Pathological Spine MRI Datasets\SP23\S82232_T1W_TSE_POST_GADO_20260227162946_902.nii.gz,False
SP23,spine,pathological,T1,2D,data\spine\pathological\Pathological Spine MRI Datasets\SP23\S82232_T1W_TSE_SPIR_20260227162946_1001.nii.gz,False
SP10,spine,normal,STIR,2D,data\spine\normal\Normal Spine MRI Datasets\SP10\S82080_eSTIR_longTE_20260310120011_802.nii.gz,False
SP10,spine,normal,T1,2D,data\spine\normal\Normal Spine MRI Datasets\SP10\S82080_eT1W_TSE_CLEAR_20260310120011_1002.nii.gz,True
SP10,spine,normal,T1,2D,data\spine\normal\Normal Spine MRI Datasets\SP10\S82080_eT1W_TSE_CLEAR_20260310120011_702_i00001.nii.gz,False
SP10,spine,normal,T1,2D,data\spine\normal\Normal Spine MRI Datasets\SP10\S82080_eT1W_TSE_CLEAR_20260310120011_702_i00031.nii.gz,False
SP10,spine,normal,T1,2D,data\spine\normal\Normal Spine MRI Datasets\SP10\S82080_eT1W_TSE_CLEAR_20260310120011_702_i00035.nii.gz,False
SP10,spine,normal,T1,2D,data\spine\normal\Normal Spine MRI Datasets\SP10\S82080_eT1W_TSE_CLEAR_20260310120011_702_i00039.nii.gz,False
SP10,spine,normal,T2,2D,data\spine\normal\Normal Spine MRI Datasets\SP10\S82080_eT2W_TSE_CLEAR_20260310120011_402.nii.gz,True
SP10,spine,normal,T2,2D,data\spine\normal\Normal Spine MRI Datasets\SP10\S82080_eT2W_TSE_DRIVE_HR_20260310120011_602_i00001.nii.gz,False
SP10,spine,normal,T2,2D,data\spine\normal\Normal Spine MRI Datasets\SP10\S82080_eT2W_TSE_DRIVE_HR_20260310120011_602_i00001_Eq_1.nii.gz,False
SP10,spine,normal,T2,2D,data\spine\normal\Normal Spine MRI Datasets\SP10\S82080_eT2W_TSE_DRIVE_HR_20260310120011_602_i00031.nii.gz,False
SP10,spine,normal,T2,2D,data\spine\normal\Normal Spine MRI Datasets\SP10\S82080_eT2W_TSE_DRIVE_HR_20260310120011_602_i00035.nii.gz,False
SP10,spine,normal,T2,2D,data\spine\normal\Normal Spine MRI Datasets\SP10\S82080_eT2W_TSE_DRIVE_HR_20260310120011_602_i00039.nii.gz,False
SP10,spine,normal,T2,2D,data\spine\normal\Normal Spine MRI Datasets\SP10\S82080_eT2W_TSE_SAG_20260310120011_902.nii.gz,False
SP10,spine,normal,STIR,2D,data\spine\normal\Normal Spine MRI Datasets\SP10\S82080_STIR_longTE_20260310120011_801.nii.gz,True
SP10,spine,normal,T1,2D,data\spine\normal\Normal Spine MRI Datasets\SP10\S82080_T1W_TSE_20260310120011_1001.nii.gz,False
SP10,spine,normal,T1,2D,data\spine\normal\Normal Spine MRI Datasets\SP10\S82080_T1W_TSE_20260310120011_701_i00001.nii.gz,False
SP10,spine,normal,T1,2D,data\spine\normal\Normal Spine MRI Datasets\SP10\S82080_T1W_TSE_20260310120011_701_i00031.nii.gz,False
SP10,spine,normal,T1,2D,data\spine\normal\Normal Spine MRI Datasets\SP10\S82080_T1W_TSE_20260310120011_701_i00035.nii.gz,False
SP10,spine,normal,T1,2D,data\spine\normal\Normal Spine MRI Datasets\SP10\S82080_T1W_TSE_20260310120011_701_i00039.nii.gz,False
SP10,spine,normal,T1,2D,data\spine\normal\Normal Spine MRI Datasets\SP10\S82080_T1W_TSE_sag_20260310120011_501.nii.gz,False
SP10,spine,normal,T2,2D,data\spine\normal\Normal Spine MRI Datasets\SP10\S82080_T2W_TSE_20260310120011_401.nii.gz,False
SP10,spine,normal,T2,2D,data\spine\normal\Normal Spine MRI Datasets\SP10\S82080_T2W_TSE_DRIVE_HR_20260310120011_601_i00001.nii.gz,False
SP10,spine,normal,T2,2D,data\spine\normal\Normal Spine MRI Datasets\SP10\S82080_T2W_TSE_DRIVE_HR_20260310120011_601_i00031.nii.gz,False
SP10,spine,normal,T2,2D,data\spine\normal\Normal Spine MRI Datasets\SP10\S82080_T2W_TSE_DRIVE_HR_20260310120011_601_i00035.nii.gz,False
SP10,spine,normal,T2,2D,data\spine\normal\Normal Spine MRI Datasets\SP10\S82080_T2W_TSE_DRIVE_HR_20260310120011_601_i00039.nii.gz,False
SP2,spine,normal,STIR,2D,data\spine\normal\Normal Spine MRI Datasets\SP2\S82020_eeSTIR_TSE_COR_20260303133117_302.nii.gz,True
SP2,spine,normal,T1,2D,data\spine\normal\Normal Spine MRI Datasets\SP2\S82020_eT1W_TSE_CLEAR_20260303133117_702_i00001.nii.gz,True
SP2,spine,normal,T1,2D,data\spine\normal\Normal Spine MRI Datasets\SP2\S82020_eT1W_TSE_CLEAR_20260303133117_702_i00004.nii.gz,False
SP2,spine,normal,T1,2D,data\spine\normal\Normal Spine MRI Datasets\SP2\S82020_eT1W_TSE_CLEAR_20260303133117_702_i00008.nii.gz,False
SP2,spine,normal,T1,2D,data\spine\normal\Normal Spine MRI Datasets\SP2\S82020_eT1W_TSE_CLEAR_20260303133117_702_i00012.nii.gz,False
SP2,spine,normal,T1,2D,data\spine\normal\Normal Spine MRI Datasets\SP2\S82020_eT1W_TSE_CLEAR_20260303133117_702_i00015.nii.gz,False
SP2,spine,normal,T1,2D,data\spine\normal\Normal Spine MRI Datasets\SP2\S82020_eT1W_TSE_CLEAR_20260303133117_702_i00018.nii.gz,False
SP2,spine,normal,T2,2D,data\spine\normal\Normal Spine MRI Datasets\SP2\S82020_eT2W_TSE_CLEAR_20260303133117_402.nii.gz,True
SP2,spine,normal,T2,2D,data\spine\normal\Normal Spine MRI Datasets\SP2\S82020_eT2W_TSE_DRIVE_HR_20260303133117_602_i00001.nii.gz,False
SP2,spine,normal,T2,2D,data\spine\normal\Normal Spine MRI Datasets\SP2\S82020_eT2W_TSE_DRIVE_HR_20260303133117_602_i00004.nii.gz,False
SP2,spine,normal,T2,2D,data\spine\normal\Normal Spine MRI Datasets\SP2\S82020_eT2W_TSE_DRIVE_HR_20260303133117_602_i00008.nii.gz,False
SP2,spine,normal,T2,2D,data\spine\normal\Normal Spine MRI Datasets\SP2\S82020_eT2W_TSE_DRIVE_HR_20260303133117_602_i00012.nii.gz,False
SP2,spine,normal,T2,2D,data\spine\normal\Normal Spine MRI Datasets\SP2\S82020_eT2W_TSE_DRIVE_HR_20260303133117_602_i00015.nii.gz,False
SP2,spine,normal,T2,2D,data\spine\normal\Normal Spine MRI Datasets\SP2\S82020_eT2W_TSE_DRIVE_HR_20260303133117_602_i00018.nii.gz,False
SP2,spine,normal,Unknown,2D,data\spine\normal\Normal Spine MRI Datasets\SP2\S82020_MobiView_SURVEY_SAG_20260303133117_202.nii.gz,True
SP2,spine,normal,T1,2D,data\spine\normal\Normal Spine MRI Datasets\SP2\S82020_T1W_TSE_sag_20260303133117_501.nii.gz,False
SP3,spine,normal,T2,2D,data\spine\normal\Normal Spine MRI Datasets\SP3\S82021_eeT2_SPAIR_cor_20260303142846_502.nii.gz,False
SP3,spine,normal,T1,2D,data\spine\normal\Normal Spine MRI Datasets\SP3\S82021_eT1W_TSE_20260303142846_403.nii.gz,False
SP3,spine,normal,T1,2D,data\spine\normal\Normal Spine MRI Datasets\SP3\S82021_eT1W_TSE_20260303142846_404.nii.gz,False
SP3,spine,normal,T1,2D,data\spine\normal\Normal Spine MRI Datasets\SP3\S82021_eT1W_TSE_CLEAR_20260303142846_702_i00001.nii.gz,True
SP3,spine,normal,T1,2D,data\spine\normal\Normal Spine MRI Datasets\SP3\S82021_eT1W_TSE_CLEAR_20260303142846_702_i00007.nii.gz,False
SP3,spine,normal,T1,2D,data\spine\normal\Normal Spine MRI Datasets\SP3\S82021_eT1W_TSE_CLEAR_20260303142846_702_i00010.nii.gz,False
SP3,spine,normal,T1,2D,data\spine\normal\Normal Spine MRI Datasets\SP3\S82021_eT1W_TSE_CLEAR_20260303142846_702_i00013.nii.gz,False
SP3,spine,normal,T1,2D,data\spine\normal\Normal Spine MRI Datasets\SP3\S82021_eT1W_TSE_CLEAR_20260303142846_702_i00016.nii.gz,False
SP3,spine,normal,T1,2D,data\spine\normal\Normal Spine MRI Datasets\SP3\S82021_eT1W_TSE_CLEAR_20260303142846_702_i00019.nii.gz,False
SP3,spine,normal,T1,2D,data\spine\normal\Normal Spine MRI Datasets\SP3\S82021_eT1W_TSE_CLEAR_20260303142846_702_i00025.nii.gz,False
SP3,spine,normal,T1,2D,data\spine\normal\Normal Spine MRI Datasets\SP3\S82021_eT1W_TSE_CLEAR_20260303142846_802_i00001.nii.gz,False
SP3,spine,normal,T1,2D,data\spine\normal\Normal Spine MRI Datasets\SP3\S82021_eT1W_TSE_CLEAR_20260303142846_802_i00006.nii.gz,False
SP3,spine,normal,T1,2D,data\spine\normal\Normal Spine MRI Datasets\SP3\S82021_eT1W_TSE_CLEAR_20260303142846_802_i00009.nii.gz,False
SP3,spine,normal,T1,2D,data\spine\normal\Normal Spine MRI Datasets\SP3\S82021_eT1W_TSE_CLEAR_20260303142846_802_i00012.nii.gz,False
SP3,spine,normal,T1,2D,data\spine\normal\Normal Spine MRI Datasets\SP3\S82021_eT1W_TSE_CLEAR_20260303142846_802_i00015.nii.gz,False
SP3,spine,normal,T1,2D,data\spine\normal\Normal Spine MRI Datasets\SP3\S82021_eT1W_TSE_CLEAR_20260303142846_802_i00018.nii.gz,False
SP3,spine,normal,T1,2D,data\spine\normal\Normal Spine MRI Datasets\SP3\S82021_eT1W_TSE_CLEAR_20260303142846_802_i00023.nii.gz,False
SP3,spine,normal,T2,2D,data\spine\normal\Normal Spine MRI Datasets\SP3\S82021_eT2W_TSE_20260303142846_303.nii.gz,True
SP3,spine,normal,T2,2D,data\spine\normal\Normal Spine MRI Datasets\SP3\S82021_eT2W_TSE_20260303142846_304.nii.gz,False
SP3,spine,normal,T2,2D,data\spine\normal\Normal Spine MRI Datasets\SP3\S82021_eT2W_TSE_DRIVE_HR_20260303142846_602_i00001.nii.gz,False
SP3,spine,normal,T2,2D,data\spine\normal\Normal Spine MRI Datasets\SP3\S82021_eT2W_TSE_DRIVE_HR_20260303142846_602_i00006.nii.gz,False
SP3,spine,normal,T2,2D,data\spine\normal\Normal Spine MRI Datasets\SP3\S82021_eT2W_TSE_DRIVE_HR_20260303142846_602_i00011.nii.gz,False
SP3,spine,normal,T2,2D,data\spine\normal\Normal Spine MRI Datasets\SP3\S82021_eT2W_TSE_DRIVE_HR_20260303142846_602_i00016.nii.gz,False
SP3,spine,normal,T2,2D,data\spine\normal\Normal Spine MRI Datasets\SP3\S82021_eT2W_TSE_DRIVE_HR_20260303142846_602_i00020.nii.gz,False
SP3,spine,normal,T2,2D,data\spine\normal\Normal Spine MRI Datasets\SP3\S82021_eT2W_TSE_DRIVE_HR_20260303142846_602_i00024.nii.gz,False
SP3,spine,normal,T2,2D,data\spine\normal\Normal Spine MRI Datasets\SP3\S82021_eT2W_TSE_DRIVE_HR_20260303142846_602_i00029.nii.gz,False
SP3,spine,normal,T2,2D,data\spine\normal\Normal Spine MRI Datasets\SP3\S82021_eT2W_TSE_DRIVE_HR_20260303142846_602_i00034.nii.gz,False
SP3,spine,normal,T2,2D,data\spine\normal\Normal Spine MRI Datasets\SP3\S82021_eT2W_TSE_DRIVE_HR_20260303142846_902_i00001.nii.gz,False
SP3,spine,normal,T2,2D,data\spine\normal\Normal Spine MRI Datasets\SP3\S82021_eT2W_TSE_DRIVE_HR_20260303142846_902_i00006.nii.gz,False
SP3,spine,normal,T2,2D,data\spine\normal\Normal Spine MRI Datasets\SP3\S82021_eT2W_TSE_DRIVE_HR_20260303142846_902_i00011.nii.gz,False
SP3,spine,normal,T2,2D,data\spine\normal\Normal Spine MRI Datasets\SP3\S82021_eT2W_TSE_DRIVE_HR_20260303142846_902_i00016.nii.gz,False
SP3,spine,normal,T2,2D,data\spine\normal\Normal Spine MRI Datasets\SP3\S82021_eT2W_TSE_DRIVE_HR_20260303142846_902_i00020.nii.gz,False
SP3,spine,normal,T2,2D,data\spine\normal\Normal Spine MRI Datasets\SP3\S82021_eT2W_TSE_DRIVE_HR_20260303142846_902_i00024.nii.gz,False
SP3,spine,normal,T2,2D,data\spine\normal\Normal Spine MRI Datasets\SP3\S82021_eT2W_TSE_DRIVE_HR_20260303142846_902_i00029.nii.gz,False
SP4,spine,normal,STIR,2D,data\spine\normal\Normal Spine MRI Datasets\SP4\S82022_eSTIR_longTE_20260303150746_502.nii.gz,False
SP4,spine,normal,T1,2D,data\spine\normal\Normal Spine MRI Datasets\SP4\S82022_eT1W_TSE_20260303150746_403.nii.gz,False
SP4,spine,normal,T1,2D,data\spine\normal\Normal Spine MRI Datasets\SP4\S82022_eT1W_TSE_20260303150746_404.nii.gz,False
SP4,spine,normal,T2,2D,data\spine\normal\Normal Spine MRI Datasets\SP4\S82022_eT2W_TSE_20260303150746_303.nii.gz,False
SP4,spine,normal,T2,2D,data\spine\normal\Normal Spine MRI Datasets\SP4\S82022_eT2W_TSE_20260303150746_304.nii.gz,False
SP4,spine,normal,T1,2D,data\spine\normal\Normal Spine MRI Datasets\SP4\S82022_MobiView_eT1W_TSE_20260303150746_405.nii.gz,True
SP4,spine,normal,T2,2D,data\spine\normal\Normal Spine MRI Datasets\SP4\S82022_SC_MobiView_eT2W_TSE_20260303150746_305.nii.gz,True
SP4,spine,normal,STIR,2D,data\spine\normal\Normal Spine MRI Datasets\SP4\S82022_STIR_longTE_20260303150746_501.nii.gz,True
SP4,spine,normal,Unknown,2D,data\spine\normal\Normal Spine MRI Datasets\SP4\S82022_SURVEY_COR_20260303150746_201.nii.gz,True
SP4,spine,normal,Unknown,2D,data\spine\normal\Normal Spine MRI Datasets\SP4\S82022_SURVEY_SAG_20260303150746_101.nii.gz,False
SP4,spine,normal,T1,2D,data\spine\normal\Normal Spine MRI Datasets\SP4\S82022_T1W_TSE_20260303150746_401.nii.gz,False
SP4,spine,normal,T1,2D,data\spine\normal\Normal Spine MRI Datasets\SP4\S82022_T1W_TSE_20260303150746_402.nii.gz,False
SP4,spine,normal,T2,2D,data\spine\normal\Normal Spine MRI Datasets\SP4\S82022_T2W_TSE_100mm_20260303150746_601_i00001.nii.gz,False
SP4,spine,normal,T2,2D,data\spine\normal\Normal Spine MRI Datasets\SP4\S82022_T2W_TSE_100mm_20260303150746_601_i00003.nii.gz,False
SP4,spine,normal,T2,2D,data\spine\normal\Normal Spine MRI Datasets\SP4\S82022_T2W_TSE_100mm_20260303150746_601_i00009.nii.gz,False
SP4,spine,normal,T2,2D,data\spine\normal\Normal Spine MRI Datasets\SP4\S82022_T2W_TSE_100mm_20260303150746_601_i00012.nii.gz,False
SP4,spine,normal,T2,2D,data\spine\normal\Normal Spine MRI Datasets\SP4\S82022_T2W_TSE_100mm_20260303150746_601_i00015.nii.gz,False
SP4,spine,normal,T2,2D,data\spine\normal\Normal Spine MRI Datasets\SP4\S82022_T2W_TSE_100mm_20260303150746_601_i00017.nii.gz,False
SP4,spine,normal,T2,2D,data\spine\normal\Normal Spine MRI Datasets\SP4\S82022_T2W_TSE_20260303150746_301.nii.gz,False
SP4,spine,normal,T2,2D,data\spine\normal\Normal Spine MRI Datasets\SP4\S82022_T2W_TSE_20260303150746_302.nii.gz,False
SP5,spine,normal,STIR,2D,data\spine\normal\Normal Spine MRI Datasets\SP5\S82023_eSTIR_longTE_20260303153859_502.nii.gz,True
SP5,spine,normal,T1,2D,data\spine\normal\Normal Spine MRI Datasets\SP5\S82023_eT1W_TSE_20260303153859_403.nii.gz,True
SP5,spine,normal,T1,2D,data\spine\normal\Normal Spine MRI Datasets\SP5\S82023_eT1W_TSE_20260303153859_404.nii.gz,False
SP5,spine,normal,T2,2D,data\spine\normal\Normal Spine MRI Datasets\SP5\S82023_eT2W_TSE_20260303153859_303.nii.gz,True
SP5,spine,normal,T2,2D,data\spine\normal\Normal Spine MRI Datasets\SP5\S82023_eT2W_TSE_20260303153859_304.nii.gz,False
SP6,spine,normal,STIR,2D,data\spine\normal\Normal Spine MRI Datasets\SP6\S82024_eeSTIR_TSE_COR_20260303134925_402.nii.gz,True
SP6,spine,normal,T1,2D,data\spine\normal\Normal Spine MRI Datasets\SP6\S82024_eT1W_TSE_CLEAR_20260303134925_702_i00001.nii.gz,True
SP6,spine,normal,T1,2D,data\spine\normal\Normal Spine MRI Datasets\SP6\S82024_eT1W_TSE_CLEAR_20260303134925_702_i00006.nii.gz,False
SP6,spine,normal,T1,2D,data\spine\normal\Normal Spine MRI Datasets\SP6\S82024_eT1W_TSE_CLEAR_20260303134925_702_i00011.nii.gz,False
SP6,spine,normal,T1,2D,data\spine\normal\Normal Spine MRI Datasets\SP6\S82024_eT1W_TSE_CLEAR_20260303134925_702_i00015.nii.gz,False
SP6,spine,normal,T1,2D,data\spine\normal\Normal Spine MRI Datasets\SP6\S82024_eT1W_TSE_CLEAR_20260303134925_702_i00018.nii.gz,False
SP6,spine,normal,T1,2D,data\spine\normal\Normal Spine MRI Datasets\SP6\S82024_eT1W_TSE_CLEAR_20260303134925_702_i00021.nii.gz,False
SP6,spine,normal,T2,2D,data\spine\normal\Normal Spine MRI Datasets\SP6\S82024_eT2W_TSE_20260303134925_303.nii.gz,True
SP6,spine,normal,T2,2D,data\spine\normal\Normal Spine MRI Datasets\SP6\S82024_eT2W_TSE_20260303134925_304.nii.gz,False
SP6,spine,normal,T2,2D,data\spine\normal\Normal Spine MRI Datasets\SP6\S82024_eT2W_TSE_DRIVE_HR_20260303134925_602_i00001.nii.gz,False
SP6,spine,normal,T2,2D,data\spine\normal\Normal Spine MRI Datasets\SP6\S82024_eT2W_TSE_DRIVE_HR_20260303134925_602_i00006.nii.gz,False
SP6,spine,normal,T2,2D,data\spine\normal\Normal Spine MRI Datasets\SP6\S82024_eT2W_TSE_DRIVE_HR_20260303134925_602_i00011.nii.gz,False
SP6,spine,normal,T2,2D,data\spine\normal\Normal Spine MRI Datasets\SP6\S82024_eT2W_TSE_DRIVE_HR_20260303134925_602_i00015.nii.gz,False
SP6,spine,normal,T2,2D,data\spine\normal\Normal Spine MRI Datasets\SP6\S82024_eT2W_TSE_DRIVE_HR_20260303134925_602_i00018.nii.gz,False
SP6,spine,normal,T2,2D,data\spine\normal\Normal Spine MRI Datasets\SP6\S82024_eT2W_TSE_DRIVE_HR_20260303134925_602_i00021.nii.gz,False
SP7,spine,normal,STIR,2D,data\spine\normal\Normal Spine MRI Datasets\SP7\S82030_eeSTIR_TSE_COR_20260305081552_402.nii.gz,True
SP7,spine,normal,T1,2D,data\spine\normal\Normal Spine MRI Datasets\SP7\S82030_eT1W_TSE_CLEAR_20260305081552_702_i00001.nii.gz,True
SP7,spine,normal,T1,2D,data\spine\normal\Normal Spine MRI Datasets\SP7\S82030_eT1W_TSE_CLEAR_20260305081552_702_i00002.nii.gz,False
SP7,spine,normal,T1,2D,data\spine\normal\Normal Spine MRI Datasets\SP7\S82030_eT1W_TSE_CLEAR_20260305081552_702_i00007.nii.gz,False
SP7,spine,normal,T1,2D,data\spine\normal\Normal Spine MRI Datasets\SP7\S82030_eT1W_TSE_CLEAR_20260305081552_702_i00012.nii.gz,False
SP7,spine,normal,T1,2D,data\spine\normal\Normal Spine MRI Datasets\SP7\S82030_eT1W_TSE_CLEAR_20260305081552_702_i00016.nii.gz,False
SP7,spine,normal,T1,2D,data\spine\normal\Normal Spine MRI Datasets\SP7\S82030_eT1W_TSE_CLEAR_20260305081552_702_i00019.nii.gz,False
SP7,spine,normal,T1,2D,data\spine\normal\Normal Spine MRI Datasets\SP7\S82030_eT1W_TSE_CLEAR_20260305081552_702_i00022.nii.gz,False
SP7,spine,normal,T2,2D,data\spine\normal\Normal Spine MRI Datasets\SP7\S82030_eT2W_TSE_20260305081552_303.nii.gz,False
SP7,spine,normal,T2,2D,data\spine\normal\Normal Spine MRI Datasets\SP7\S82030_eT2W_TSE_20260305081552_304.nii.gz,False
SP7,spine,normal,T2,2D,data\spine\normal\Normal Spine MRI Datasets\SP7\S82030_eT2W_TSE_DRIVE_HR_20260305081552_602_i00001.nii.gz,False
SP7,spine,normal,T2,2D,data\spine\normal\Normal Spine MRI Datasets\SP7\S82030_eT2W_TSE_DRIVE_HR_20260305081552_602_i00002.nii.gz,False
SP7,spine,normal,T2,2D,data\spine\normal\Normal Spine MRI Datasets\SP7\S82030_eT2W_TSE_DRIVE_HR_20260305081552_602_i00007.nii.gz,False
SP7,spine,normal,T2,2D,data\spine\normal\Normal Spine MRI Datasets\SP7\S82030_eT2W_TSE_DRIVE_HR_20260305081552_602_i00012.nii.gz,False
SP7,spine,normal,T2,2D,data\spine\normal\Normal Spine MRI Datasets\SP7\S82030_eT2W_TSE_DRIVE_HR_20260305081552_602_i00016.nii.gz,False
SP7,spine,normal,T2,2D,data\spine\normal\Normal Spine MRI Datasets\SP7\S82030_eT2W_TSE_DRIVE_HR_20260305081552_602_i00019.nii.gz,False
SP7,spine,normal,T2,2D,data\spine\normal\Normal Spine MRI Datasets\SP7\S82030_eT2W_TSE_DRIVE_HR_20260305081552_602_i00022.nii.gz,False
SP7,spine,normal,T2,2D,data\spine\normal\Normal Spine MRI Datasets\SP7\S82030_SC_MobiView_eT2W_TSE_20260305081552_305.nii.gz,True
SP7,spine,normal,T1,2D,data\spine\normal\Normal Spine MRI Datasets\SP7\S82030_T1W_TSE_sag_20260305081552_501.nii.gz,False
SP8,spine,normal,STIR,2D,data\spine\normal\Normal Spine MRI Datasets\SP8\S82032_eSTIR_TSE_20260304134706_503.nii.gz,True
SP8,spine,normal,STIR,2D,data\spine\normal\Normal Spine MRI Datasets\SP8\S82032_eSTIR_TSE_20260304134706_503a.nii.gz,False
SP8,spine,normal,STIR,2D,data\spine\normal\Normal Spine MRI Datasets\SP8\S82032_eSTIR_TSE_20260304134706_504.nii.gz,False
SP8,spine,normal,STIR,2D,data\spine\normal\Normal Spine MRI Datasets\SP8\S82032_eSTIR_TSE_20260304134706_504a.nii.gz,False
SP8,spine,normal,T1,2D,data\spine\normal\Normal Spine MRI Datasets\SP8\S82032_eT1W_TSE_20260304134706_403.nii.gz,True
SP8,spine,normal,T1,2D,data\spine\normal\Normal Spine MRI Datasets\SP8\S82032_eT1W_TSE_20260304134706_403a.nii.gz,False
SP8,spine,normal,T1,2D,data\spine\normal\Normal Spine MRI Datasets\SP8\S82032_eT1W_TSE_20260304134706_404.nii.gz,False
SP8,spine,normal,T1,2D,data\spine\normal\Normal Spine MRI Datasets\SP8\S82032_eT1W_TSE_20260304134706_404a.nii.gz,False
SP8,spine,normal,T2,2D,data\spine\normal\Normal Spine MRI Datasets\SP8\S82032_eT2W_TSE_20260304134706_303.nii.gz,True
SP8,spine,normal,T2,2D,data\spine\normal\Normal Spine MRI Datasets\SP8\S82032_eT2W_TSE_20260304134706_303a.nii.gz,False
SP8,spine,normal,T2,2D,data\spine\normal\Normal Spine MRI Datasets\SP8\S82032_eT2W_TSE_20260304134706_304.nii.gz,False
SP8,spine,normal,T2,2D,data\spine\normal\Normal Spine MRI Datasets\SP8\S82032_eT2W_TSE_20260304134706_304a.nii.gz,False
SP8,spine,normal,T2,2D,data\spine\normal\Normal Spine MRI Datasets\SP8\S82032_eT2W_TSE_DRIVE_HR_20260304134706_602_i00001.nii.gz,False
SP8,spine,normal,T2,2D,data\spine\normal\Normal Spine MRI Datasets\SP8\S82032_eT2W_TSE_DRIVE_HR_20260304134706_602_i00001a.nii.gz,False
SP8,spine,normal,T2,2D,data\spine\normal\Normal Spine MRI Datasets\SP8\S82032_eT2W_TSE_DRIVE_HR_20260304134706_602_i00006.nii.gz,False
SP8,spine,normal,T2,2D,data\spine\normal\Normal Spine MRI Datasets\SP8\S82032_eT2W_TSE_DRIVE_HR_20260304134706_602_i00006a.nii.gz,False
SP9,spine,normal,STIR,2D,data\spine\normal\Normal Spine MRI Datasets\SP9\S82040_eSTIR_TSE_20260306090638_503.nii.gz,False
SP9,spine,normal,STIR,2D,data\spine\normal\Normal Spine MRI Datasets\SP9\S82040_eSTIR_TSE_20260306090638_504.nii.gz,False
SP9,spine,normal,T1,2D,data\spine\normal\Normal Spine MRI Datasets\SP9\S82040_eT1W_TSE_20260306090638_403.nii.gz,False
SP9,spine,normal,T1,2D,data\spine\normal\Normal Spine MRI Datasets\SP9\S82040_eT1W_TSE_20260306090638_404.nii.gz,False
SP9,spine,normal,T2,2D,data\spine\normal\Normal Spine MRI Datasets\SP9\S82040_eT2W_TSE_20260306090638_303.nii.gz,False
SP9,spine,normal,T2,2D,data\spine\normal\Normal Spine MRI Datasets\SP9\S82040_eT2W_TSE_20260306090638_304.nii.gz,False
SP9,spine,normal,T2,2D,data\spine\normal\Normal Spine MRI Datasets\SP9\S82040_eT2W_TSE_DRIVE_HR_20260306090638_602_i00001.nii.gz,False
SP9,spine,normal,T2,2D,data\spine\normal\Normal Spine MRI Datasets\SP9\S82040_eT2W_TSE_DRIVE_HR_20260306090638_602_i00004.nii.gz,False
SP9,spine,normal,T2,2D,data\spine\normal\Normal Spine MRI Datasets\SP9\S82040_eT2W_TSE_DRIVE_HR_20260306090638_602_i00007.nii.gz,False
SP9,spine,normal,T2,2D,data\spine\normal\Normal Spine MRI Datasets\SP9\S82040_eT2W_TSE_DRIVE_HR_20260306090638_602_i00010.nii.gz,False
SP9,spine,normal,T2,2D,data\spine\normal\Normal Spine MRI Datasets\SP9\S82040_eT2W_TSE_DRIVE_HR_20260306090638_602_i00013.nii.gz,False
SP9,spine,normal,T2,2D,data\spine\normal\Normal Spine MRI Datasets\SP9\S82040_eT2W_TSE_DRIVE_HR_20260306090638_602_i00016.nii.gz,False
SP9,spine,normal,T1,2D,data\spine\normal\Normal Spine MRI Datasets\SP9\S82040_MobiView_eT1W_TSE_20260306090638_405.nii.gz,True
SP9,spine,normal,STIR,2D,data\spine\normal\Normal Spine MRI Datasets\SP9\S82040_SC_MobiView_eSTIR_TSE_20260306090638_505.nii.gz,True
SP9,spine,normal,T2,2D,data\spine\normal\Normal Spine MRI Datasets\SP9\S82040_SC_MobiView_eT2W_TSE_20260306090638_305.nii.gz,True
SP1,spine,normal,T1,2D,data\spine\normal\Normal Spine MRI Datasets\SP1\2D T1 MRI\S82010_eT1W_TSE_CLEAR_20260302153428_802_i00001.nii.gz,True
SP1,spine,normal,T1,2D,data\spine\normal\Normal Spine MRI Datasets\SP1\2D T1 MRI\S82010_eT1W_TSE_CLEAR_20260302153428_802_i00002.nii.gz,False
SP1,spine,normal,T1,2D,data\spine\normal\Normal Spine MRI Datasets\SP1\2D T1 MRI\S82010_eT1W_TSE_CLEAR_20260302153428_802_i00006.nii.gz,False
SP1,spine,normal,T1,2D,data\spine\normal\Normal Spine MRI Datasets\SP1\2D T1 MRI\S82010_eT1W_TSE_CLEAR_20260302153428_802_i00022.nii.gz,False
SP1,spine,normal,T1,2D,data\spine\normal\Normal Spine MRI Datasets\SP1\2D T1 MRI\S82010_eT1W_TSE_CLEAR_20260302153428_802_i00026.nii.gz,False
SP1,spine,normal,T1,2D,data\spine\normal\Normal Spine MRI Datasets\SP1\2D T1 MRI\S82010_eT1W_TSE_CLEAR_20260302153428_802_i00029.nii.gz,False
SP1,spine,normal,T2,2D,data\spine\normal\Normal Spine MRI Datasets\SP1\2D T2 MRI\S82010_eT2W_TSE_CLEAR_20260302153428_402.nii.gz,True
SP1,spine,normal,T2,2D,data\spine\normal\Normal Spine MRI Datasets\SP1\2D T2 MRI\S82010_eT2W_TSE_DRIVE_HR_20260302153428_702_i00001.nii.gz,False
SP1,spine,normal,T2,2D,data\spine\normal\Normal Spine MRI Datasets\SP1\2D T2 MRI\S82010_eT2W_TSE_DRIVE_HR_20260302153428_702_i00002.nii.gz,False
SP1,spine,normal,T2,2D,data\spine\normal\Normal Spine MRI Datasets\SP1\2D T2 MRI\S82010_eT2W_TSE_DRIVE_HR_20260302153428_702_i00005.nii.gz,False
SP1,spine,normal,T2,2D,data\spine\normal\Normal Spine MRI Datasets\SP1\2D T2 MRI\S82010_eT2W_TSE_DRIVE_HR_20260302153428_702_i00021.nii.gz,False
SP1,spine,normal,T2,2D,data\spine\normal\Normal Spine MRI Datasets\SP1\2D T2 MRI\S82010_eT2W_TSE_DRIVE_HR_20260302153428_702_i00025.nii.gz,False
SP1,spine,normal,T2,2D,data\spine\normal\Normal Spine MRI Datasets\SP1\2D T2 MRI\S82010_eT2W_TSE_DRIVE_HR_20260302153428_702_i00028.nii.gz,False
S10,brain,normal,Unknown,3D,data\brain\normal\Normal brain Datasets\S10\S82190_dADC_20260323154127_204.nii.gz,False
S10,brain,normal,Unknown,3D,data\brain\normal\Normal brain Datasets\S10\S82190_DWI_ISO_20260323154127_203.nii.gz,True
S10,brain,normal,Unknown,3D,data\brain\normal\Normal brain Datasets\S10\S82190_DWI_og_HR_20260323154127_201.nii.gz,False
S10,brain,normal,FLAIR,3D,data\brain\normal\Normal brain Datasets\S10\S82190_esT2W_FLAIR_20260323154127_402.nii.gz,True
S10,brain,normal,T2,3D,data\brain\normal\Normal brain Datasets\S10\S82190_eT2W_TSE_20260323154127_302.nii.gz,True
S10,brain,normal,T2,3D,data\brain\normal\Normal brain Datasets\S10\S82190_eT2W_TSE_20260323154127_502.nii.gz,False
S10,brain,normal,Unknown,3D,data\brain\normal\Normal brain Datasets\S10\S82190_Reg_-_DWI_og_HR_20260323154127_202.nii.gz,False
S10,brain,normal,T1,3D,data\brain\normal\Normal brain Datasets\S10\S82190_sT1W_3D_TFE_20260323154127_601.nii.gz,False
S10,brain,normal,Unknown,3D,data\brain\normal\Normal brain Datasets\S10\S82190_SWI_20260323154127_702.nii.gz,False
S10,brain,normal,Unknown,3D,data\brain\normal\Normal brain Datasets\S10\S82190_VEN_BOLD_20260323154127_701.nii.gz,False
S10,brain,normal,T1,3D,data\brain\normal\Normal brain Datasets\S10\S82190_VsT1W_TRA_20260323154127_603.nii.gz,True
S9,brain,normal,FLAIR,2D,data\brain\normal\Normal brain Datasets\S9\2D MRI\S82101_esT2W_FLAIR_20260313095213_402.nii.gz,True
S9,brain,normal,T1,2D,data\brain\normal\Normal brain Datasets\S9\2D MRI\S82101_eT1W_FFE_20260313095213_602.nii.gz,True
S9,brain,normal,T1,2D,data\brain\normal\Normal brain Datasets\S9\2D MRI\S82101_eT1W_FFE_20260313095213_802.nii.gz,False
S9,brain,normal,T1,2D,data\brain\normal\Normal brain Datasets\S9\2D MRI\S82101_eT1W_FFE_20260313095213_802_Eq_1.nii.gz,False
S9,brain,normal,T2,2D,data\brain\normal\Normal brain Datasets\S9\2D MRI\S82101_eT2W_FFE_20260313095213_502.nii.gz,True
S9,brain,normal,T2,2D,data\brain\normal\Normal brain Datasets\S9\2D MRI\S82101_eT2W_TSE_20260313095213_302.nii.gz,False
S9,brain,normal,T2,2D,data\brain\normal\Normal brain Datasets\S9\2D MRI\S82101_eT2W_TSE_20260313095213_702.nii.gz,False
S9,brain,normal,T2,2D,data\brain\normal\Normal brain Datasets\S9\2D MRI\S82101_eT2W_TSE_20260313095213_902_real.nii.gz,False
S8,brain,normal,FLAIR,2D,data\brain\normal\Normal brain Datasets\S8\2D MRI\S82100_eFLAIR_longTR_SPIR_20260313093000_402.nii.gz,True
S8,brain,normal,T2,2D,data\brain\normal\Normal brain Datasets\S8\2D MRI\S82100_eT2W_TSE_20260313093000_302.nii.gz,True
S8,brain,normal,T2,2D,data\brain\normal\Normal brain Datasets\S8\2D MRI\S82100_eT2W_TSE_20260313093000_502.nii.gz,False
S8,brain,normal,Unknown,2D,data\brain\normal\Normal brain Datasets\S8\2D MRI\S82100_Reg_-_DWI_og_HR_20260313093000_202.nii.gz,True
S8,brain,normal,T1,3D,data\brain\normal\Normal brain Datasets\S8\3D MRI\S82100_sT1W_3D_TFE_20260313093000_701.nii.gz,True
S7,brain,normal,FLAIR,2D,data\brain\normal\Normal brain Datasets\S7\2D MRI\S82031_eFLAIR_longTR_SPIR_20260304165040_402.nii.gz,True
S7,brain,normal,T1,2D,data\brain\normal\Normal brain Datasets\S7\2D MRI\S82031_eT1W_SE_HST_CLEAR_20260304165040_902.nii.gz,True
S7,brain,normal,T2,2D,data\brain\normal\Normal brain Datasets\S7\2D MRI\S82031_eT2W_TSE_20260304165040_302.nii.gz,True
S7,brain,normal,T2,2D,data\brain\normal\Normal brain Datasets\S7\2D MRI\S82031_eT2W_TSE_20260304165040_502.nii.gz,False
S7,brain,normal,T2,2D,data\brain\normal\Normal brain Datasets\S7\2D MRI\S82031_eT2W_TSE_20260304165040_802_real.nii.gz,False
S7,brain,normal,T1,2D,data\brain\normal\Normal brain Datasets\S7\2D MRI\S82031_T1W_SE_FS_PRE_GADO_20260304165040_901.nii.gz,False
S7,brain,normal,T1,2D,data\brain\normal\Normal brain Datasets\S7\2D MRI\S82031_VsT1W_TRA_20260304165040_603.nii.gz,False
S7,brain,normal,T1,3D,data\brain\normal\Normal brain Datasets\S7\3D MRI\S82031_eesT1W_3D_TRA_FS_GD_20260304165040_1002.nii.gz,False
S7,brain,normal,T1,3D,data\brain\normal\Normal brain Datasets\S7\3D MRI\S82031_sT1W_3D_TFE_20260304165040_601.nii.gz,False
S7,brain,normal,T1,3D,data\brain\normal\Normal brain Datasets\S7\3D MRI\S82031_sT1W_3D_TRA_FS_GD_20260304165040_1001.nii.gz,False
S6,brain,normal,FLAIR,2D,data\brain\normal\Normal brain Datasets\S6\2D MRI\S82030_eFLAIR_longTR_SPIR_20260304144341_402.nii.gz,True
S6,brain,normal,T1,2D,data\brain\normal\Normal brain Datasets\S6\2D MRI\S82030_eT1W_TRA_20260304144341_802.nii.gz,True
S6,brain,normal,T2,2D,data\brain\normal\Normal brain Datasets\S6\2D MRI\S82030_eT2W_TSE_20260304144341_302.nii.gz,True
S6,brain,normal,T2,2D,data\brain\normal\Normal brain Datasets\S6\2D MRI\S82030_eT2W_TSE_20260304144341_502.nii.gz,False
S6,brain,normal,T1,3D,data\brain\normal\Normal brain Datasets\S6\3D MRI\S82030_eesT1W_3D_TRA_FS_GD_20260304144341_902.nii.gz,False
S6,brain,normal,T1,3D,data\brain\normal\Normal brain Datasets\S6\3D MRI\S82030_sT1W_3D_TFE_20260304144341_601.nii.gz,False
S6,brain,normal,T1,3D,data\brain\normal\Normal brain Datasets\S6\3D MRI\S82030_VsT1W_3D_TRA_FS_POSTGD_20260304144341_905.nii.gz,False
S5,brain,normal,FLAIR,2D,data\brain\normal\Normal brain Datasets\S5\2D MRI\S82020_eFLAIR_3mm_20260303115410_902.nii.gz,True
S5,brain,normal,FLAIR,2D,data\brain\normal\Normal brain Datasets\S5\2D MRI\S82020_eFLAIR_longTR_SPIR_20260303115410_402.nii.gz,False
S5,brain,normal,T2,2D,data\brain\normal\Normal brain Datasets\S5\2D MRI\S82020_eT2W_TSE_20260303115410_302.nii.gz,True
S5,brain,normal,T2,2D,data\brain\normal\Normal brain Datasets\S5\2D MRI\S82020_eT2W_TSE_20260303115410_502.nii.gz,False
S5,brain,normal,T2,2D,data\brain\normal\Normal brain Datasets\S5\2D MRI\S82020_eT2W_TSE_20260303115410_802_real.nii.gz,False
S5,brain,normal,T1,3D,data\brain\normal\Normal brain Datasets\S5\3D MRI\S82020_sT1W_3D_TFE_20260303115410_601.nii.gz,True
S4,brain,normal,T1,2D,data\brain\normal\Normal brain Datasets\S4\2D MRI\S82012_eeT1W_SAG_20260202174648_702.nii.gz,False
S4,brain,normal,FLAIR,2D,data\brain\normal\Normal brain Datasets\S4\2D MRI\S82012_eFLAIR_longTR_SPIR_20260202174648_402.nii.gz,False
S4,brain,normal,T1,2D,data\brain\normal\Normal brain Datasets\S4\2D MRI\S82012_eT1W_SE_CLEAR_20260202174648_602.nii.gz,True
S4,brain,normal,T2,2D,data\brain\normal\Normal brain Datasets\S4\2D MRI\S82012_eT2W_TSE_20260202174648_302.nii.gz,False
S4,brain,normal,T2,2D,data\brain\normal\Normal brain Datasets\S4\2D MRI\S82012_eT2W_TSE_20260202174648_502.nii.gz,False
S4,brain,normal,FLAIR,2D,data\brain\normal\Normal brain Datasets\S4\2D MRI\S82012_FLAIR_longTR_SPIR_20260202174648_401.nii.gz,True
S4,brain,normal,T1,2D,data\brain\normal\Normal brain Datasets\S4\2D MRI\S82012_T1W_20260202174648_701.nii.gz,False
S4,brain,normal,T1,2D,data\brain\normal\Normal brain Datasets\S4\2D MRI\S82012_T1W_SE_20260202174648_601.nii.gz,False
S4,brain,normal,T2,2D,data\brain\normal\Normal brain Datasets\S4\2D MRI\S82012_T2W_TSE_20260202174648_301.nii.gz,True
S4,brain,normal,T2,2D,data\brain\normal\Normal brain Datasets\S4\2D MRI\S82012_T2W_TSE_20260202174648_501.nii.gz,False
S3,brain,normal,T1,2D,data\brain\normal\Normal brain Datasets\S3\2D MRI\S82011_eeT1W_SAG_20260302120556_802.nii.gz,False
S3,brain,normal,FLAIR,2D,data\brain\normal\Normal brain Datasets\S3\2D MRI\S82011_eFLAIR_longTR_SPIR_20260302120556_402.nii.gz,True
S3,brain,normal,T1,2D,data\brain\normal\Normal brain Datasets\S3\2D MRI\S82011_eT1W_SE_CLEAR_20260302120556_702.nii.gz,True
S3,brain,normal,T2,2D,data\brain\normal\Normal brain Datasets\S3\2D MRI\S82011_eT2W_TSE_20260302120556_302.nii.gz,True
S3,brain,normal,T2,2D,data\brain\normal\Normal brain Datasets\S3\2D MRI\S82011_eT2W_TSE_20260302120556_502.nii.gz,False
S3,brain,normal,T2,2D,data\brain\normal\Normal brain Datasets\S3\2D MRI\S82011_eT2W_TSE_20260302120556_602.nii.gz,False
S2,brain,normal,T1,2D,data\brain\normal\Normal brain Datasets\S2\2D MRI\S82010_eeT1W_SAG_20260302122507_702.nii.gz,False
S2,brain,normal,T1,2D,data\brain\normal\Normal brain Datasets\S2\2D MRI\S82010_eeT1W_SAG_20260302122507_702a.nii.gz,False
S2,brain,normal,FLAIR,2D,data\brain\normal\Normal brain Datasets\S2\2D MRI\S82010_eFLAIR_longTR_SPIR_20260302122507_402.nii.gz,True
S2,brain,normal,FLAIR,2D,data\brain\normal\Normal brain Datasets\S2\2D MRI\S82010_eFLAIR_longTR_SPIR_20260302122507_402a.nii.gz,False
S2,brain,normal,T1,2D,data\brain\normal\Normal brain Datasets\S2\2D MRI\S82010_eT1W_SE_CLEAR_20260302122507_602.nii.gz,True
S2,brain,normal,T1,2D,data\brain\normal\Normal brain Datasets\S2\2D MRI\S82010_eT1W_SE_CLEAR_20260302122507_602a.nii.gz,False
S2,brain,normal,T2,2D,data\brain\normal\Normal brain Datasets\S2\2D MRI\S82010_eT2W_TSE_20260302122507_302.nii.gz,True
S2,brain,normal,T2,2D,data\brain\normal\Normal brain Datasets\S2\2D MRI\S82010_eT2W_TSE_20260302122507_302a.nii.gz,False
S2,brain,normal,T2,2D,data\brain\normal\Normal brain Datasets\S2\2D MRI\S82010_eT2W_TSE_20260302122507_502.nii.gz,False
S2,brain,normal,T2,2D,data\brain\normal\Normal brain Datasets\S2\2D MRI\S82010_eT2W_TSE_20260302122507_502a.nii.gz,False
S2,brain,normal,T1,3D,data\brain\normal\Normal brain Datasets\S2\3D MRI\S82010_eesT1W_3D_TRA_FS_GD_20260302122507_1202.nii.gz,False
S2,brain,normal,T1,3D,data\brain\normal\Normal brain Datasets\S2\3D MRI\S82010_eesT1W_3D_TRA_FS_GD_20260302122507_1202a.nii.gz,False
S2,brain,normal,T1,3D,data\brain\normal\Normal brain Datasets\S2\3D MRI\S82010_sT1W_3D_TFE_PRE_GD_20260302122507_1001.nii.gz,False
S2,brain,normal,T1,3D,data\brain\normal\Normal brain Datasets\S2\3D MRI\S82010_sT1W_3D_TFE_PRE_GD_20260302122507_1001a.nii.gz,False
S2,brain,normal,T1,3D,data\brain\normal\Normal brain Datasets\S2\3D MRI\S82010_VsT1W_3D_TRA_FS_GD_20260302122507_1203.nii.gz,False
S2,brain,normal,T1,3D,data\brain\normal\Normal brain Datasets\S2\3D MRI\S82010_VsT1W_3D_TRA_FS_GD_20260302122507_1203a.nii.gz,False
S1,brain,normal,FLAIR,2D,data\brain\normal\Normal brain Datasets\S1\2D MRI\S79030_eFLAIR_longTR_SPIR_20251222145828_402.nii.gz,True
S1,brain,normal,T1,2D,data\brain\normal\Normal brain Datasets\S1\2D MRI\S79030_eT1W_SE_20251222145828_1102.nii.gz,False
S1,brain,normal,T1,2D,data\brain\normal\Normal brain Datasets\S1\2D MRI\S79030_eT1W_SE_HST_CLEAR_20251222145828_1502.nii.gz,True
S1,brain,normal,T1,2D,data\brain\normal\Normal brain Datasets\S1\2D MRI\S79030_eT1W_TRA_20251222145828_1402.nii.gz,False
S1,brain,normal,T2,2D,data\brain\normal\Normal brain Datasets\S1\2D MRI\S79030_eT2W_TSE_20251222145828_302.nii.gz,False
S1,brain,normal,T2,2D,data\brain\normal\Normal brain Datasets\S1\2D MRI\S79030_eT2W_TSE_20251222145828_502.nii.gz,False
S1,brain,normal,T2,2D,data\brain\normal\Normal brain Datasets\S1\2D MRI\S79030_eT2W_TSE_CLEAR_20251222145828_1002.nii.gz,True
S1,brain,normal,T1,2D,data\brain\normal\Normal brain Datasets\S1\2D MRI\S79030_T1W_TSE_Dyn_20251222145828_1301.nii.gz,False
S1,brain,normal,T1,3D,data\brain\normal\Normal brain Datasets\S1\3D MRI\S79030_sT1W_3D_TFE_20251222145828_601.nii.gz,False
S1,brain,normal,T1,3D,data\brain\normal\Normal brain Datasets\S1\3D MRI\S79030_sT1W_3D_TFE_PRE_GD_20251222145828_901.nii.gz,False
